Bus, BasekV, Node1, Magnitude1, Angle1, pu1, Node2, Magnitude2, Angle2, pu2, Node3, Magnitude3, Angle3, pu3
"SOURCEBUS", 12, 1,    6928.35,    0.0,         1, 2,    6928.36, -120.0,         1, 3,    6928.32,  120.0,         1
"0355", 12, 1,    6928.47,    0.0,         1, 2,     6928.5, -120.0,         1, 3,    6928.43,  120.0,         1
"03551", 12, 1,    6928.48,    0.0,         1, 2,     6928.5, -120.0,         1, 3,    6928.43,  120.0,         1
"03552", 12, 1,    6928.48,    0.0,         1, 2,     6928.5, -120.0,         1, 3,    6928.43,  120.0,         1
"035510", 12, 1,    6928.53,    0.0,         1, 2,    6928.56, -120.0,    1.0001, 3,    6928.47,  120.0,         1
"035511", 12, 1,    6928.53,    0.0,         1, 2,    6928.56, -120.0,    1.0001, 3,    6928.48,  120.0,         1
"035510A", 12, 1,    6928.53,    0.0,         1, 0, 0, 0, 0, 0, 0, 0, 0
"03551001", 12, 1,    6928.53,    0.0,         1, 0, 0, 0, 0, 0, 0, 0, 0
"035512", 12, 1,    6928.53,    0.0,         1, 2,    6928.56, -120.0,    1.0001, 3,    6928.48,  120.0,         1
"03551201", 12, 1,    6928.53,    0.0,         1, 2,    6928.56, -120.0,    1.0001, 3,    6928.48,  120.0,         1
"035513", 12, 1,    6928.54,    0.0,         1, 2,    6928.57, -120.0,    1.0001, 3,    6928.49,  120.0,         1
"03551202", 12, 1,    6928.53,    0.0,         1, 2,    6928.56, -120.0,    1.0001, 3,    6928.48,  120.0,         1
"03551306", 12, 1,    6928.54,    0.0,         1, 2,    6928.58, -120.0,    1.0001, 3,    6928.49,  120.0,         1
"03551394", 12, 2,    6928.58, -120.0,    1.0001, 3,    6928.49,  120.0,         1, 0, 0, 0, 0
"035514", 12, 1,    6928.55,    0.0,    1.0001, 2,    6928.58, -120.0,    1.0001, 3,     6928.5,  120.0,         1
"03551301", 12, 1,    6928.54,    0.0,         1, 3,    6928.49,  120.0,         1, 0, 0, 0, 0
"03551305", 12, 1,    6928.54,    0.0,         1, 3,    6928.49,  120.0,         1, 0, 0, 0, 0
"03551301A", 12, 1,    6928.54,    0.0,         1, 3,    6928.49,  120.0,         1, 0, 0, 0, 0
"03551302", 12, 1,    6928.54,    0.0,         1, 3,    6928.49,  120.0,         1, 0, 0, 0, 0
"03551303", 12, 1,    6928.54,    0.0,         1, 3,    6928.49,  120.0,         1, 0, 0, 0, 0
"03551304", 12, 1,    6928.54,    0.0,         1, 3,    6928.49,  120.0,         1, 0, 0, 0, 0
"03551392", 12, 1,    6928.54,    0.0,         1, 3,    6928.49,  120.0,         1, 0, 0, 0, 0
"03551306A", 12, 1,    6928.54,    0.0,         1, 2,    6928.58, -120.0,    1.0001, 3,    6928.49,  120.0,         1
"03551307", 12, 1,    6928.55,    0.0,         1, 2,    6928.58, -120.0,    1.0001, 3,    6928.49,  120.0,         1
"03551308", 12, 1,    6928.55,    0.0,         1, 2,    6928.58, -120.0,    1.0001, 3,     6928.5,  120.0,         1
"03551314", 12, 1,    6928.55,    0.0,         1, 2,    6928.58, -120.0,    1.0001, 3,     6928.5,  120.0,         1
"03551308A", 12, 1,    6928.55,    0.0,         1, 3,     6928.5,  120.0,         1, 0, 0, 0, 0
"03551309", 12, 1,    6928.55,    0.0,         1, 3,     6928.5,  120.0,         1, 0, 0, 0, 0
"03551313", 12, 1,    6928.55,    0.0,         1, 3,     6928.5,  120.0,         1, 0, 0, 0, 0
"03551310", 12, 1,    6928.55,    0.0,         1, 3,     6928.5,  120.0,         1, 0, 0, 0, 0
"03551311", 12, 1,    6928.55,    0.0,         1, 3,     6928.5,  120.0,         1, 0, 0, 0, 0
"03551312", 12, 1,    6928.55,    0.0,         1, 3,     6928.5,  120.0,         1, 0, 0, 0, 0
"03551315", 12, 1,    6928.55,    0.0,         1, 2,    6928.59, -120.0,    1.0001, 3,     6928.5,  120.0,         1
"03551367", 12, 2,    6928.59, -120.0,    1.0001, 3,     6928.5,  120.0,         1, 0, 0, 0, 0
"03551316", 12, 1,    6928.55,    0.0,         1, 2,    6928.59, -120.0,    1.0001, 3,     6928.5,  120.0,         1
"03551317", 12, 1,    6928.55,    0.0,         1, 2,    6928.59, -120.0,    1.0001, 3,     6928.5,  120.0,         1
"03551318", 12, 1,    6928.55,    0.0,         1, 2,    6928.59, -120.0,    1.0001, 3,     6928.5,  120.0,         1
"03551319", 12, 1,    6928.55,    0.0,         1, 2,    6928.59, -120.0,    1.0001, 3,     6928.5,  120.0,         1
"03551365", 12, 1,    6928.55,    0.0,         1, 3,     6928.5,  120.0,         1, 0, 0, 0, 0
"03551320", 12, 1,    6928.55,    0.0,    1.0001, 2,    6928.59, -120.0,    1.0001, 3,     6928.5,  120.0,         1
"03551321", 12, 1,    6928.55,    0.0,    1.0001, 2,    6928.59, -120.0,    1.0001, 3,     6928.5,  120.0,         1
"03551322", 12, 1,    6928.55,    0.0,    1.0001, 2,     6928.6, -120.0,    1.0001, 3,     6928.5,  120.0,         1
"03551323", 12, 1,    6928.55,    0.0,    1.0001, 2,     6928.6, -120.0,    1.0001, 3,     6928.5,  120.0,         1
"03551324", 12, 1,    6928.55,    0.0,    1.0001, 2,     6928.6, -120.0,    1.0001, 3,     6928.5,  120.0,         1
"03551326", 12, 1,    6928.55,    0.0,    1.0001, 2,     6928.6, -120.0,    1.0001, 0, 0, 0, 0
"03551348", 12, 2,     6928.6, -120.0,    1.0001, 3,     6928.5,  120.0,         1, 0, 0, 0, 0
"03551325", 12, 1,    6928.55,    0.0,    1.0001, 2,     6928.6, -120.0,    1.0001, 3,     6928.5,  120.0,         1
"03551327", 12, 1,    6928.55,    0.0,    1.0001, 2,     6928.6, -120.0,    1.0001, 0, 0, 0, 0
"03551333", 12, 1,    6928.55,    0.0,    1.0001, 2,     6928.6, -120.0,    1.0001, 0, 0, 0, 0
"03551328A", 12, 1,    6928.55,    0.0,    1.0001, 2,          0,    0.0,         0, 3,          0,    0.0,         0
"03551329", 12, 1,    6928.55,    0.0,    1.0001, 0, 0, 0, 0, 0, 0, 0, 0
"03551330", 12, 1,    6928.55,    0.0,    1.0001, 0, 0, 0, 0, 0, 0, 0, 0
"03551331", 12, 1,    6928.55,    0.0,    1.0001, 0, 0, 0, 0, 0, 0, 0, 0
"03551332", 12, 1,    6928.55,    0.0,    1.0001, 0, 0, 0, 0, 0, 0, 0, 0
"03551334", 12, 1,    6928.55,    0.0,    1.0001, 2,     6928.6, -120.0,    1.0001, 0, 0, 0, 0
"03551335", 12, 1,    6928.55,    0.0,    1.0001, 2,     6928.6, -120.0,    1.0001, 0, 0, 0, 0
"03551346", 12, 1,    6928.55,    0.0,    1.0001, 2,     6928.6, -120.0,    1.0001, 0, 0, 0, 0
"03551336", 12, 1,    6928.55,    0.0,    1.0001, 2,     6928.6, -120.0,    1.0001, 0, 0, 0, 0
"03551345", 12, 1,    6928.55,    0.0,    1.0001, 2,     6928.6, -120.0,    1.0001, 0, 0, 0, 0
"03551337", 12, 1,    6928.55,    0.0,    1.0001, 2,     6928.6, -120.0,    1.0001, 0, 0, 0, 0
"03551339", 12, 1,    6928.55,    0.0,    1.0001, 2,     6928.6, -120.0,    1.0001, 0, 0, 0, 0
"03551342", 12, 1,    6928.55,    0.0,    1.0001, 2,     6928.6, -120.0,    1.0001, 0, 0, 0, 0
"03551337A", 12, 1,    6928.55,    0.0,    1.0001, 2,     6928.6, -120.0,    1.0001, 0, 0, 0, 0
"03551338", 12, 1,    6928.55,    0.0,    1.0001, 2,     6928.6, -120.0,    1.0001, 0, 0, 0, 0
"03551340", 12, 1,    6928.55,    0.0,    1.0001, 2,     6928.6, -120.0,    1.0001, 0, 0, 0, 0
"03551341", 12, 1,    6928.55,    0.0,    1.0001, 2,     6928.6, -120.0,    1.0001, 0, 0, 0, 0
"03551343", 12, 1,    6928.55,    0.0,    1.0001, 2,     6928.6, -120.0,    1.0001, 0, 0, 0, 0
"03551344", 12, 1,    6928.55,    0.0,    1.0001, 2,     6928.6, -120.0,    1.0001, 0, 0, 0, 0
"03551347", 12, 1,    6928.55,    0.0,    1.0001, 2,     6928.6, -120.0,    1.0001, 0, 0, 0, 0
"03551349", 12, 2,     6928.6, -120.0,    1.0001, 3,     6928.5,  120.0,         1, 0, 0, 0, 0
"03551350", 12, 2,     6928.6, -120.0,    1.0001, 3,     6928.5,  120.0,         1, 0, 0, 0, 0
"03551356", 12, 2,     6928.6, -120.0,    1.0001, 3,     6928.5,  120.0,         1, 0, 0, 0, 0
"03551350A", 12, 2,     6928.6, -120.0,    1.0001, 3,     6928.5,  120.0,         1, 0, 0, 0, 0
"03551351", 12, 2,     6928.6, -120.0,    1.0001, 3,     6928.5,  120.0,         1, 0, 0, 0, 0
"03551352", 12, 2,     6928.6, -120.0,    1.0001, 3,     6928.5,  120.0,         1, 0, 0, 0, 0
"03551353", 12, 2,     6928.6, -120.0,    1.0001, 3,     6928.5,  120.0,         1, 0, 0, 0, 0
"03551354", 12, 2,     6928.6, -120.0,    1.0001, 3,     6928.5,  120.0,         1, 0, 0, 0, 0
"03551355", 12, 2,     6928.6, -120.0,    1.0001, 3,     6928.5,  120.0,         1, 0, 0, 0, 0
"03551357", 12, 2,     6928.6, -120.0,    1.0001, 3,     6928.5,  120.0,         1, 0, 0, 0, 0
"03551358", 12, 2,     6928.6, -120.0,    1.0001, 3,     6928.5,  120.0,         1, 0, 0, 0, 0
"03551359", 12, 2,     6928.6, -120.0,    1.0001, 3,     6928.5,  120.0,         1, 0, 0, 0, 0
"03551360", 12, 2,     6928.6, -120.0,    1.0001, 3,     6928.5,  120.0,         1, 0, 0, 0, 0
"03551361", 12, 2,     6928.6, -120.0,    1.0001, 3,    6928.51,  120.0,         1, 0, 0, 0, 0
"03551362", 12, 2,     6928.6, -120.0,    1.0001, 3,    6928.51,  120.0,         1, 0, 0, 0, 0
"03551364", 12, 2,     6928.6, -120.0,    1.0001, 3,    6928.51,  120.0,         1, 0, 0, 0, 0
"03551363", 12, 2,     6928.6, -120.0,    1.0001, 3,    6928.51,  120.0,         1, 0, 0, 0, 0
"03551366", 12, 1,    6928.55,    0.0,         1, 3,     6928.5,  120.0,         1, 0, 0, 0, 0
"03551367A", 12, 2,    6928.59, -120.0,    1.0001, 3,     6928.5,  120.0,         1, 0, 0, 0, 0
"03551368", 12, 2,    6928.59, -120.0,    1.0001, 3,     6928.5,  120.0,         1, 0, 0, 0, 0
"03551369", 12, 2,    6928.59, -120.0,    1.0001, 3,     6928.5,  120.0,         1, 0, 0, 0, 0
"03551370", 12, 2,    6928.59, -120.0,    1.0001, 3,     6928.5,  120.0,         1, 0, 0, 0, 0
"03551371", 12, 2,    6928.59, -120.0,    1.0001, 3,     6928.5,  120.0,         1, 0, 0, 0, 0
"03551390", 12, 2,    6928.59, -120.0,    1.0001, 3,     6928.5,  120.0,         1, 0, 0, 0, 0
"03551391", 12, 2,    6928.59, -120.0,    1.0001, 3,     6928.5,  120.0,         1, 0, 0, 0, 0
"03551372", 12, 2,    6928.59, -120.0,    1.0001, 3,     6928.5,  120.0,         1, 0, 0, 0, 0
"03551389", 12, 2,    6928.59, -120.0,    1.0001, 3,     6928.5,  120.0,         1, 0, 0, 0, 0
"03551373", 12, 2,    6928.59, -120.0,    1.0001, 3,     6928.5,  120.0,         1, 0, 0, 0, 0
"03551387", 12, 2,    6928.59, -120.0,    1.0001, 3,     6928.5,  120.0,         1, 0, 0, 0, 0
"03551388", 12, 2,    6928.59, -120.0,    1.0001, 3,     6928.5,  120.0,         1, 0, 0, 0, 0
"03551374", 12, 2,    6928.59, -120.0,    1.0001, 3,     6928.5,  120.0,         1, 0, 0, 0, 0
"03551375", 12, 2,    6928.59, -120.0,    1.0001, 3,     6928.5,  120.0,         1, 0, 0, 0, 0
"03551378", 12, 2,    6928.59, -120.0,    1.0001, 3,     6928.5,  120.0,         1, 0, 0, 0, 0
"03551376", 12, 2,    6928.59, -120.0,    1.0001, 3,     6928.5,  120.0,         1, 0, 0, 0, 0
"03551377", 12, 2,    6928.59, -120.0,    1.0001, 3,     6928.5,  120.0,         1, 0, 0, 0, 0
"03551379", 12, 2,    6928.59, -120.0,    1.0001, 3,     6928.5,  120.0,         1, 0, 0, 0, 0
"03551380", 12, 2,    6928.59, -120.0,    1.0001, 3,    6928.51,  120.0,         1, 0, 0, 0, 0
"03551385", 12, 2,    6928.59, -120.0,    1.0001, 3,     6928.5,  120.0,         1, 0, 0, 0, 0
"03551381", 12, 2,    6928.59, -120.0,    1.0001, 3,    6928.51,  120.0,         1, 0, 0, 0, 0
"03551382", 12, 2,    6928.59, -120.0,    1.0001, 3,    6928.51,  120.0,         1, 0, 0, 0, 0
"03551383", 12, 2,    6928.59, -120.0,    1.0001, 3,    6928.51,  120.0,         1, 0, 0, 0, 0
"03551383A", 12, 2,    6928.59, -120.0,    1.0001, 3,    6928.51,  120.0,         1, 0, 0, 0, 0
"03551384", 12, 2,    6928.59, -120.0,    1.0001, 3,    6928.51,  120.0,         1, 0, 0, 0, 0
"03551385A", 12, 2,    6928.59, -120.0,    1.0001, 3,     6928.5,  120.0,         1, 0, 0, 0, 0
"03551386", 12, 2,    6928.59, -120.0,    1.0001, 3,    6928.51,  120.0,         1, 0, 0, 0, 0
"03551393", 12, 1,    6928.54,    0.0,         1, 3,    6928.49,  120.0,         1, 0, 0, 0, 0
"03551394A", 12, 2,    6928.58, -120.0,    1.0001, 3,    6928.49,  120.0,         1, 0, 0, 0, 0
"03551395", 12, 2,    6928.58, -120.0,    1.0001, 3,    6928.49,  120.0,         1, 0, 0, 0, 0
"035513A", 12, 1,    6928.54,    0.0,         1, 3,    6928.49,  120.0,         1, 0, 0, 0, 0
"035515", 12, 1,    6928.56,    0.0,    1.0001, 2,    6928.59, -120.0,    1.0001, 3,     6928.5,  120.0,         1
"035516", 12, 1,    6928.57,    0.0,    1.0001, 2,     6928.6, -120.0,    1.0001, 3,    6928.51,  120.0,         1
"035517", 12, 1,    6928.57,    0.0,    1.0001, 2,     6928.6, -120.0,    1.0001, 3,    6928.51,  120.0,         1
"03551601", 12, 2,     6928.6, -120.0,    1.0001, 3,    6928.51,  120.0,         1, 0, 0, 0, 0
"03551602", 12, 2,     6928.6, -120.0,    1.0001, 3,    6928.51,  120.0,         1, 0, 0, 0, 0
"03551603", 12, 2,     6928.6, -120.0,    1.0001, 3,    6928.51,  120.0,         1, 0, 0, 0, 0
"03551604", 12, 2,     6928.6, -120.0,    1.0001, 3,    6928.51,  120.0,         1, 0, 0, 0, 0
"035516A", 12, 2,     6928.6, -120.0,    1.0001, 3,    6928.51,  120.0,         1, 0, 0, 0, 0
"03551605", 12, 2,     6928.6, -120.0,    1.0001, 3,    6928.51,  120.0,         1, 0, 0, 0, 0
"035518", 12, 1,    6928.58,    0.0,    1.0001, 2,    6928.61, -120.0,    1.0001, 3,    6928.51,  120.0,         1
"03551701", 12, 1,    6928.57,    0.0,    1.0001, 3,    6928.51,  120.0,         1, 0, 0, 0, 0
"03551702", 12, 1,    6928.57,    0.0,    1.0001, 3,    6928.51,  120.0,         1, 0, 0, 0, 0
"03551703", 12, 1,    6928.57,    0.0,    1.0001, 3,    6928.51,  120.0,         1, 0, 0, 0, 0
"03551704", 12, 1,    6928.57,    0.0,    1.0001, 3,    6928.51,  120.0,         1, 0, 0, 0, 0
"03551708", 12, 1,    6928.57,    0.0,    1.0001, 3,    6928.51,  120.0,         1, 0, 0, 0, 0
"03551705", 12, 1,    6928.57,    0.0,    1.0001, 3,    6928.51,  120.0,         1, 0, 0, 0, 0
"03551706", 12, 1,    6928.57,    0.0,    1.0001, 3,    6928.51,  120.0,         1, 0, 0, 0, 0
"03551707", 12, 1,    6928.57,    0.0,    1.0001, 3,    6928.51,  120.0,         1, 0, 0, 0, 0
"03551709", 12, 1,    6928.57,    0.0,    1.0001, 3,    6928.51,  120.0,         1, 0, 0, 0, 0
"03551715", 12, 1,    6928.57,    0.0,    1.0001, 3,    6928.51,  120.0,         1, 0, 0, 0, 0
"03551716", 12, 1,    6928.57,    0.0,    1.0001, 3,    6928.51,  120.0,         1, 0, 0, 0, 0
"03551709A", 12, 1,    6928.57,    0.0,    1.0001, 3,    6928.51,  120.0,         1, 0, 0, 0, 0
"03551710", 12, 1,    6928.57,    0.0,    1.0001, 3,    6928.51,  120.0,         1, 0, 0, 0, 0
"03551711", 12, 1,    6928.57,    0.0,    1.0001, 3,    6928.51,  120.0,         1, 0, 0, 0, 0
"03551712", 12, 1,    6928.57,    0.0,    1.0001, 3,    6928.51,  120.0,         1, 0, 0, 0, 0
"03551714", 12, 1,    6928.57,    0.0,    1.0001, 3,    6928.51,  120.0,         1, 0, 0, 0, 0
"03551713", 12, 1,    6928.57,    0.0,    1.0001, 3,    6928.51,  120.0,         1, 0, 0, 0, 0
"035517A", 12, 1,    6928.57,    0.0,    1.0001, 3,    6928.51,  120.0,         1, 0, 0, 0, 0
"03551801", 12, 1,    6928.58,    0.0,    1.0001, 3,    6928.51,  120.0,         1, 0, 0, 0, 0
"03551802", 12, 2,    6928.61, -120.0,    1.0001, 3,    6928.51,  120.0,         1, 0, 0, 0, 0
"035519", 12, 1,    6928.58,    0.0,    1.0001, 2,    6928.61, -120.0,    1.0001, 3,    6928.52,  120.0,         1
"03551803", 12, 2,    6928.61, -120.0,    1.0001, 3,    6928.51,  120.0,         1, 0, 0, 0, 0
"035520", 12, 1,    6928.58,    0.0,    1.0001, 2,    6928.62, -120.0,    1.0001, 3,    6928.52,  120.0,         1
"035521", 12, 1,    6928.59,    0.0,    1.0001, 2,    6928.63, -120.0,    1.0001, 3,    6928.53,  120.0,         1
"035520A", 12, 1,    6928.58,    0.0,    1.0001, 3,    6928.52,  120.0,         1, 0, 0, 0, 0
"03552001", 12, 1,    6928.58,    0.0,    1.0001, 3,    6928.52,  120.0,         1, 0, 0, 0, 0
"035522", 12, 1,     6928.6,    0.0,    1.0001, 2,    6928.63, -120.0,    1.0001, 3,    6928.53,  120.0,         1
"035523", 12, 1,     6928.6,    0.0,    1.0001, 2,    6928.63, -120.0,    1.0001, 3,    6928.53,  120.0,         1
"035524", 12, 1,    6928.61,    0.0,    1.0001, 2,    6928.64, -120.0,    1.0001, 3,    6928.54,  120.0,         1
"035524A", 12, 1,    6928.61,    0.0,    1.0001, 2,    6928.64, -120.0,    1.0001, 3,    6928.54,  120.0,         1
"035525", 12, 1,    6928.61,    0.0,    1.0001, 2,    6928.64, -120.0,    1.0001, 3,    6928.54,  120.0,         1
"03552501", 12, 1,    6928.61,    0.0,    1.0001, 2,    6928.65, -120.0,    1.0001, 3,    6928.54,  120.0,         1
"035526", 12, 1,    6928.61,    0.0,    1.0001, 2,    6928.65, -120.0,    1.0001, 3,    6928.54,  120.0,         1
"03552502", 12, 1,    6928.61,    0.0,    1.0001, 2,    6928.65, -120.0,    1.0001, 3,    6928.54,  120.0,         1
"03552502A", 12, 1,    6928.61,    0.0,    1.0001, 2,    6928.65, -120.0,    1.0001, 3,    6928.54,  120.0,         1
"03552503", 12, 1,    6928.61,    0.0,    1.0001, 2,    6928.65, -120.0,    1.0001, 3,    6928.54,  120.0,         1
"03552510", 12, 1,    6928.62,    0.0,    1.0001, 2,    6928.65, -120.0,    1.0001, 3,    6928.54,  120.0,         1
"03552503A", 12, 1,    6928.61,    0.0,    1.0001, 2,    6928.65, -120.0,    1.0001, 3,    6928.54,  120.0,         1
"03552504", 12, 1,    6928.61,    0.0,    1.0001, 2,    6928.65, -120.0,    1.0001, 3,    6928.54,  120.0,         1
"03552505", 12, 2,    6928.65, -120.0,    1.0001, 0, 0, 0, 0, 0, 0, 0, 0
"03552507", 12, 3,    6928.54,  120.0,         1, 0, 0, 0, 0, 0, 0, 0, 0
"03552509", 12, 1,    6928.61,    0.0,    1.0001, 0, 0, 0, 0, 0, 0, 0, 0
"03552506", 12, 2,    6928.65, -120.0,    1.0001, 0, 0, 0, 0, 0, 0, 0, 0
"03552508", 12, 3,    6928.54,  120.0,         1, 0, 0, 0, 0, 0, 0, 0, 0
"03552513", 12, 1,    6928.62,    0.0,    1.0001, 2,    6928.66, -120.0,    1.0001, 3,    6928.55,  120.0,         1
"03552510A", 12, 1,    6928.62,    0.0,    1.0001, 2,    6928.65, -120.0,    1.0001, 3,    6928.54,  120.0,         1
"03552511", 12, 1,    6928.62,    0.0,    1.0001, 2,    6928.65, -120.0,    1.0001, 3,    6928.54,  120.0,         1
"03552511A", 12, 1,    6928.62,    0.0,    1.0001, 2,    6928.65, -120.0,    1.0001, 3,    6928.54,  120.0,         1
"03552512", 12, 1,    6928.62,    0.0,    1.0001, 2,    6928.65, -120.0,    1.0001, 3,    6928.54,  120.0,         1
"03552514", 12, 1,    6928.62,    0.0,    1.0001, 2,    6928.66, -120.0,    1.0001, 3,    6928.55,  120.0,         1
"03552545", 12, 1,    6928.62,    0.0,    1.0001, 2,    6928.66, -120.0,    1.0001, 3,    6928.55,  120.0,    1.0001
"03552514A", 12, 1,    6928.62,    0.0,    1.0001, 2,    6928.66, -120.0,    1.0001, 3,    6928.55,  120.0,         1
"03552515", 12, 1,    6928.62,    0.0,    1.0001, 2,    6928.66, -120.0,    1.0001, 3,    6928.55,  120.0,         1
"03552516", 12, 3,    6928.55,  120.0,         1, 0, 0, 0, 0, 0, 0, 0, 0
"03552517", 12, 3,    6928.55,  120.0,         1, 0, 0, 0, 0, 0, 0, 0, 0
"03552518", 12, 1,    6928.62,    0.0,    1.0001, 2,    6928.66, -120.0,    1.0001, 0, 0, 0, 0
"03552532", 12, 1,    6928.62,    0.0,    1.0001, 2,    6928.66, -120.0,    1.0001, 3,    6928.55,  120.0,         1
"03552519", 12, 2,    6928.66, -120.0,    1.0001, 0, 0, 0, 0, 0, 0, 0, 0
"03552522", 12, 1,    6928.62,    0.0,    1.0001, 2,    6928.66, -120.0,    1.0001, 0, 0, 0, 0
"03552520", 12, 2,    6928.66, -120.0,    1.0001, 0, 0, 0, 0, 0, 0, 0, 0
"03552521", 12, 2,    6928.66, -120.0,    1.0001, 0, 0, 0, 0, 0, 0, 0, 0
"03552523", 12, 2,    6928.66, -120.0,    1.0001, 0, 0, 0, 0, 0, 0, 0, 0
"03552524", 12, 1,    6928.62,    0.0,    1.0001, 0, 0, 0, 0, 0, 0, 0, 0
"03552525", 12, 1,    6928.62,    0.0,    1.0001, 0, 0, 0, 0, 0, 0, 0, 0
"03552526", 12, 1,    6928.62,    0.0,    1.0001, 0, 0, 0, 0, 0, 0, 0, 0
"03552530", 12, 1,    6928.62,    0.0,    1.0001, 0, 0, 0, 0, 0, 0, 0, 0
"03552527", 12, 1,    6928.62,    0.0,    1.0001, 0, 0, 0, 0, 0, 0, 0, 0
"03552528", 12, 1,    6928.62,    0.0,    1.0001, 0, 0, 0, 0, 0, 0, 0, 0
"03552529", 12, 1,    6928.62,    0.0,    1.0001, 0, 0, 0, 0, 0, 0, 0, 0
"03552531", 12, 1,    6928.62,    0.0,    1.0001, 0, 0, 0, 0, 0, 0, 0, 0
"03552533", 12, 1,    6928.62,    0.0,    1.0001, 2,    6928.66, -120.0,    1.0001, 3,    6928.55,  120.0,         1
"03552537", 12, 2,    6928.66, -120.0,    1.0001, 0, 0, 0, 0, 0, 0, 0, 0
"03552541", 12, 3,    6928.55,  120.0,         1, 0, 0, 0, 0, 0, 0, 0, 0
"03552534", 12, 1,    6928.62,    0.0,    1.0001, 0, 0, 0, 0, 0, 0, 0, 0
"03552534A", 12, 1,    6928.62,    0.0,    1.0001, 0, 0, 0, 0, 0, 0, 0, 0
"03552535", 12, 1,    6928.62,    0.0,    1.0001, 0, 0, 0, 0, 0, 0, 0, 0
"03552536", 12, 1,    6928.62,    0.0,    1.0001, 0, 0, 0, 0, 0, 0, 0, 0
"03552537A", 12, 2,    6928.66, -120.0,    1.0001, 0, 0, 0, 0, 0, 0, 0, 0
"03552538", 12, 2,    6928.66, -120.0,    1.0001, 0, 0, 0, 0, 0, 0, 0, 0
"03552540", 12, 2,    6928.66, -120.0,    1.0001, 0, 0, 0, 0, 0, 0, 0, 0
"03552539", 12, 2,    6928.66, -120.0,    1.0001, 0, 0, 0, 0, 0, 0, 0, 0
"03552541A", 12, 3,    6928.55,  120.0,         1, 0, 0, 0, 0, 0, 0, 0, 0
"03552542", 12, 3,    6928.55,  120.0,         1, 0, 0, 0, 0, 0, 0, 0, 0
"03552543", 12, 3,    6928.55,  120.0,         1, 0, 0, 0, 0, 0, 0, 0, 0
"03552544", 12, 3,    6928.55,  120.0,         1, 0, 0, 0, 0, 0, 0, 0, 0
"03552546", 12, 1,    6928.62,    0.0,    1.0001, 2,    6928.66, -120.0,    1.0001, 3,    6928.55,  120.0,    1.0001
"03552547", 12, 1,    6928.62,    0.0,    1.0001, 2,    6928.66, -120.0,    1.0001, 3,    6928.55,  120.0,    1.0001
"03552553", 12, 1,    6928.62,    0.0,    1.0001, 2,    6928.66, -120.0,    1.0001, 3,    6928.55,  120.0,    1.0001
"03552547A", 12, 3,    6928.55,  120.0,    1.0001, 0, 0, 0, 0, 0, 0, 0, 0
"03552548", 12, 3,    6928.55,  120.0,    1.0001, 0, 0, 0, 0, 0, 0, 0, 0
"03552549", 12, 3,    6928.55,  120.0,    1.0001, 0, 0, 0, 0, 0, 0, 0, 0
"03552550", 12, 3,    6928.55,  120.0,    1.0001, 0, 0, 0, 0, 0, 0, 0, 0
"03552551", 12, 3,    6928.55,  120.0,    1.0001, 0, 0, 0, 0, 0, 0, 0, 0
"03552552", 12, 3,    6928.55,  120.0,    1.0001, 0, 0, 0, 0, 0, 0, 0, 0
"03552571", 12, 1,    6928.62,    0.0,    1.0001, 2,    6928.67, -120.0,    1.0001, 3,    6928.55,  120.0,    1.0001
"03552553A", 12, 2,    6928.66, -120.0,    1.0001, 3,    6928.55,  120.0,    1.0001, 0, 0, 0, 0
"03552554", 12, 2,    6928.66, -120.0,    1.0001, 3,    6928.55,  120.0,    1.0001, 0, 0, 0, 0
"03552555", 12, 2,    6928.67, -120.0,    1.0001, 3,    6928.55,  120.0,    1.0001, 0, 0, 0, 0
"03552561", 12, 2,    6928.67, -120.0,    1.0001, 3,    6928.55,  120.0,    1.0001, 0, 0, 0, 0
"03552569", 12, 2,    6928.67, -120.0,    1.0001, 3,    6928.55,  120.0,    1.0001, 0, 0, 0, 0
"03552555A", 12, 2,    6928.67, -120.0,    1.0001, 0, 0, 0, 0, 0, 0, 0, 0
"03552556", 12, 2,    6928.67, -120.0,    1.0001, 0, 0, 0, 0, 0, 0, 0, 0
"03552557", 12, 2,    6928.67, -120.0,    1.0001, 0, 0, 0, 0, 0, 0, 0, 0
"03552558", 12, 2,    6928.67, -120.0,    1.0001, 0, 0, 0, 0, 0, 0, 0, 0
"03552559", 12, 2,    6928.67, -120.0,    1.0001, 0, 0, 0, 0, 0, 0, 0, 0
"03552560", 12, 2,    6928.67, -120.0,    1.0001, 0, 0, 0, 0, 0, 0, 0, 0
"03552562", 12, 2,    6928.67, -120.0,    1.0001, 3,    6928.55,  120.0,    1.0001, 0, 0, 0, 0
"03552563", 12, 2,    6928.67, -120.0,    1.0001, 3,    6928.55,  120.0,    1.0001, 0, 0, 0, 0
"03552564", 12, 2,    6928.67, -120.0,    1.0001, 3,    6928.55,  120.0,    1.0001, 0, 0, 0, 0
"03552565", 12, 2,    6928.67, -120.0,    1.0001, 3,    6928.55,  120.0,    1.0001, 0, 0, 0, 0
"03552566", 12, 2,    6928.67, -120.0,    1.0001, 3,    6928.55,  120.0,    1.0001, 0, 0, 0, 0
"03552567", 12, 2,    6928.67, -120.0,    1.0001, 3,    6928.55,  120.0,    1.0001, 0, 0, 0, 0
"03552568", 12, 2,    6928.67, -120.0,    1.0001, 3,    6928.55,  120.0,    1.0001, 0, 0, 0, 0
"03552570", 12, 2,    6928.67, -120.0,    1.0001, 3,    6928.55,  120.0,    1.0001, 0, 0, 0, 0
"03552573", 12, 1,    6928.63,    0.0,    1.0001, 2,    6928.67, -120.0,    1.0001, 3,    6928.55,  120.0,    1.0001
"03552571A", 12, 2,    6928.67, -120.0,    1.0001, 3,    6928.55,  120.0,    1.0001, 0, 0, 0, 0
"03552572", 12, 2,    6928.67, -120.0,    1.0001, 3,    6928.55,  120.0,    1.0001, 0, 0, 0, 0
"03552574", 12, 1,    6928.63,    0.0,    1.0001, 2,    6928.67, -120.0,    1.0001, 3,    6928.55,  120.0,    1.0001
"03552575", 12, 1,    6928.63,    0.0,    1.0001, 2,    6928.67, -120.0,    1.0001, 3,    6928.55,  120.0,    1.0001
"03552576", 12, 1,    6928.63,    0.0,    1.0001, 2,    6928.67, -120.0,    1.0001, 3,    6928.55,  120.0,    1.0001
"03552577", 12, 1,    6928.63,    0.0,    1.0001, 2,    6928.67, -120.0,    1.0001, 3,    6928.55,  120.0,    1.0001
"03552631", 12, 1,    6928.63,    0.0,    1.0001, 2,    6928.67, -120.0,    1.0001, 0, 0, 0, 0
"03552578", 12, 1,    6928.63,    0.0,    1.0001, 2,    6928.67, -120.0,    1.0001, 3,    6928.56,  120.0,    1.0001
"03552579", 12, 1,    6928.63,    0.0,    1.0001, 2,    6928.67, -120.0,    1.0001, 3,    6928.56,  120.0,    1.0001
"03552578A", 12, 1,    6928.63,    0.0,    1.0001, 2,    6928.67, -120.0,    1.0001, 3,    6928.56,  120.0,    1.0001
"03552629", 12, 1,    6928.63,    0.0,    1.0001, 2,    6928.67, -120.0,    1.0001, 3,    6928.56,  120.0,    1.0001
"03552579A", 12, 1,    6928.63,    0.0,    1.0001, 2,    6928.67, -120.0,    1.0001, 3,    6928.56,  120.0,    1.0001
"03552580", 12, 1,    6928.63,    0.0,    1.0001, 2,    6928.67, -120.0,    1.0001, 3,    6928.56,  120.0,    1.0001
"03552580A", 12, 1,    6928.63,    0.0,    1.0001, 2,    6928.67, -120.0,    1.0001, 3,    6928.56,  120.0,    1.0001
"03552581", 12, 1,    6928.63,    0.0,    1.0001, 2,    6928.67, -120.0,    1.0001, 3,    6928.56,  120.0,    1.0001
"03552582", 12, 1,    6928.63,    0.0,    1.0001, 2,    6928.67, -120.0,    1.0001, 3,    6928.56,  120.0,    1.0001
"03552583", 12, 1,    6928.63,    0.0,    1.0001, 2,    6928.67, -120.0,    1.0001, 3,    6928.56,  120.0,    1.0001
"03552584", 12, 1,    6928.63,    0.0,    1.0001, 2,    6928.67, -120.0,    1.0001, 3,    6928.56,  120.0,    1.0001
"03552584A", 12, 1,    6928.63,    0.0,    1.0001, 2,    6928.67, -120.0,    1.0001, 3,    6928.56,  120.0,    1.0001
"03552585", 12, 1,    6928.63,    0.0,    1.0001, 2,    6928.67, -120.0,    1.0001, 3,    6928.56,  120.0,    1.0001
"03552586", 12, 1,    6928.63,    0.0,    1.0001, 2,    6928.67, -120.0,    1.0001, 3,    6928.56,  120.0,    1.0001
"03552598", 12, 1,    6928.63,    0.0,    1.0001, 2,    6928.67, -120.0,    1.0001, 3,    6928.56,  120.0,    1.0001
"03552622", 12, 3,    6928.56,  120.0,    1.0001, 0, 0, 0, 0, 0, 0, 0, 0
"03552623", 12, 1,    6928.63,    0.0,    1.0001, 0, 0, 0, 0, 0, 0, 0, 0
"03552587", 12, 1,    6928.63,    0.0,    1.0001, 2,    6928.67, -120.0,    1.0001, 3,    6928.56,  120.0,    1.0001
"03552588", 12, 1,    6928.63,    0.0,    1.0001, 2,    6928.67, -120.0,    1.0001, 3,    6928.56,  120.0,    1.0001
"03552589", 12, 1,    6928.63,    0.0,    1.0001, 2,    6928.67, -120.0,    1.0001, 3,    6928.56,  120.0,    1.0001
"03552590", 12, 1,    6928.63,    0.0,    1.0001, 2,    6928.67, -120.0,    1.0001, 3,    6928.56,  120.0,    1.0001
"03552593", 12, 1,    6928.63,    0.0,    1.0001, 2,    6928.67, -120.0,    1.0001, 3,    6928.56,  120.0,    1.0001
"03552594", 12, 1,    6928.63,    0.0,    1.0001, 2,    6928.67, -120.0,    1.0001, 3,    6928.56,  120.0,    1.0001
"03552595", 12, 3,    6928.56,  120.0,    1.0001, 0, 0, 0, 0, 0, 0, 0, 0
"03552591", 12, 1,    6928.63,    0.0,    1.0001, 2,    6928.67, -120.0,    1.0001, 3,    6928.56,  120.0,    1.0001
"03552592", 12, 1,    6928.63,    0.0,    1.0001, 2,    6928.67, -120.0,    1.0001, 3,    6928.56,  120.0,    1.0001
"03552596", 12, 3,    6928.56,  120.0,    1.0001, 0, 0, 0, 0, 0, 0, 0, 0
"03552597", 12, 3,    6928.56,  120.0,    1.0001, 0, 0, 0, 0, 0, 0, 0, 0
"03552599", 12, 1,    6928.63,    0.0,    1.0001, 2,    6928.67, -120.0,    1.0001, 3,    6928.56,  120.0,    1.0001
"03552600", 12, 1,    6928.63,    0.0,    1.0001, 2,    6928.67, -120.0,    1.0001, 3,    6928.56,  120.0,    1.0001
"03552603", 12, 1,    6928.63,    0.0,    1.0001, 2,    6928.67, -120.0,    1.0001, 3,    6928.56,  120.0,    1.0001
"03552604", 12, 1,    6928.63,    0.0,    1.0001, 2,    6928.67, -120.0,    1.0001, 3,    6928.56,  120.0,    1.0001
"03552601", 12, 1,    6928.61,    0.0,    1.0001, 2,    6928.65, -120.0,    1.0001, 3,    6928.54,  120.0,         1
"035527", 12, 1,    6928.61,    0.0,    1.0001, 2,    6928.65, -120.0,    1.0001, 3,    6928.54,  120.0,         1
"03552600A", 12, 1,    6928.63,    0.0,    1.0001, 2,    6928.67, -120.0,    1.0001, 3,    6928.56,  120.0,    1.0001
"03552602", 12, 1,    6928.63,    0.0,    1.0001, 2,    6928.67, -120.0,    1.0001, 3,    6928.56,  120.0,    1.0001
"03552605", 12, 1,    6928.63,    0.0,    1.0001, 3,    6928.56,  120.0,    1.0001, 0, 0, 0, 0
"03552607", 12, 1,    6928.63,    0.0,    1.0001, 2,    6928.67, -120.0,    1.0001, 3,    6928.56,  120.0,    1.0001
"03552608", 12, 1,    6928.63,    0.0,    1.0001, 2,    6928.67, -120.0,    1.0001, 3,    6928.56,  120.0,    1.0001
"03552605A", 12, 1,    6928.63,    0.0,    1.0001, 3,    6928.56,  120.0,    1.0001, 0, 0, 0, 0
"03552606", 12, 1,    6928.63,    0.0,    1.0001, 3,    6928.56,  120.0,    1.0001, 0, 0, 0, 0
"03552609", 12, 1,    6928.63,    0.0,    1.0001, 2,    6928.67, -120.0,    1.0001, 3,    6928.56,  120.0,    1.0001
"03552619", 12, 2,    6928.67, -120.0,    1.0001, 0, 0, 0, 0, 0, 0, 0, 0
"03552610", 12, 1,    6928.63,    0.0,    1.0001, 2,    6928.67, -120.0,    1.0001, 3,    6928.56,  120.0,    1.0001
"03552615", 12, 1,    6928.63,    0.0,    1.0001, 0, 0, 0, 0, 0, 0, 0, 0
"03552617", 12, 3,    6928.56,  120.0,    1.0001, 0, 0, 0, 0, 0, 0, 0, 0
"03552611", 12, 3,    6928.56,  120.0,    1.0001, 0, 0, 0, 0, 0, 0, 0, 0
"03552612", 12, 2,    6928.67, -120.0,    1.0001, 0, 0, 0, 0, 0, 0, 0, 0
"03552613", 12, 2,    6928.67, -120.0,    1.0001, 0, 0, 0, 0, 0, 0, 0, 0
"03552614", 12, 2,    6928.67, -120.0,    1.0001, 0, 0, 0, 0, 0, 0, 0, 0
"03552616", 12, 1,    6928.63,    0.0,    1.0001, 0, 0, 0, 0, 0, 0, 0, 0
"03552618", 12, 3,    6928.56,  120.0,    1.0001, 0, 0, 0, 0, 0, 0, 0, 0
"03552620", 12, 2,    6928.67, -120.0,    1.0001, 0, 0, 0, 0, 0, 0, 0, 0
"03552621", 12, 2,    6928.67, -120.0,    1.0001, 0, 0, 0, 0, 0, 0, 0, 0
"03552624", 12, 1,    6928.63,    0.0,    1.0001, 0, 0, 0, 0, 0, 0, 0, 0
"03552625", 12, 1,    6928.63,    0.0,    1.0001, 0, 0, 0, 0, 0, 0, 0, 0
"03552626", 12, 1,    6928.63,    0.0,    1.0001, 0, 0, 0, 0, 0, 0, 0, 0
"03552628", 12, 1,    6928.63,    0.0,    1.0001, 0, 0, 0, 0, 0, 0, 0, 0
"03552627", 12, 1,    6928.63,    0.0,    1.0001, 0, 0, 0, 0, 0, 0, 0, 0
"03552630", 12, 1,    6928.63,    0.0,    1.0001, 2,    6928.67, -120.0,    1.0001, 3,    6928.56,  120.0,    1.0001
"03552631A", 12, 1,    6928.63,    0.0,    1.0001, 2,    6928.67, -120.0,    1.0001, 0, 0, 0, 0
"03552632", 12, 1,    6928.63,    0.0,    1.0001, 2,    6928.67, -120.0,    1.0001, 0, 0, 0, 0
"03552639", 12, 1,    6928.63,    0.0,    1.0001, 2,    6928.67, -120.0,    1.0001, 0, 0, 0, 0
"03552633", 12, 1,    6928.63,    0.0,    1.0001, 2,    6928.67, -120.0,    1.0001, 0, 0, 0, 0
"03552634", 12, 1,    6928.63,    0.0,    1.0001, 2,    6928.67, -120.0,    1.0001, 0, 0, 0, 0
"03552635", 12, 1,    6928.63,    0.0,    1.0001, 2,    6928.67, -120.0,    1.0001, 0, 0, 0, 0
"03552638", 12, 1,    6928.63,    0.0,    1.0001, 2,    6928.67, -120.0,    1.0001, 0, 0, 0, 0
"03552635A", 12, 1,    6928.63,    0.0,    1.0001, 2,    6928.67, -120.0,    1.0001, 0, 0, 0, 0
"03552636", 12, 1,    6928.63,    0.0,    1.0001, 2,    6928.67, -120.0,    1.0001, 0, 0, 0, 0
"03552637", 12, 1,    6928.63,    0.0,    1.0001, 2,    6928.67, -120.0,    1.0001, 0, 0, 0, 0
"03552641", 12, 1,    6928.63,    0.0,    1.0001, 2,    6928.67, -120.0,    1.0001, 0, 0, 0, 0
"03552639A", 12, 2,    6928.67, -120.0,    1.0001, 0, 0, 0, 0, 0, 0, 0, 0
"03552640", 12, 2,    6928.67, -120.0,    1.0001, 0, 0, 0, 0, 0, 0, 0, 0
"03552641A", 12, 1,    6928.63,    0.0,    1.0001, 2,    6928.67, -120.0,    1.0001, 0, 0, 0, 0
"03552642", 12, 1,    6928.63,    0.0,    1.0001, 2,    6928.67, -120.0,    1.0001, 0, 0, 0, 0
"03552643", 12, 1,    6928.63,    0.0,    1.0001, 2,    6928.67, -120.0,    1.0001, 0, 0, 0, 0
"03552644", 12, 1,    6928.63,    0.0,    1.0001, 2,    6928.67, -120.0,    1.0001, 0, 0, 0, 0
"03552644A", 12, 1,    6928.63,    0.0,    1.0001, 2,    6928.67, -120.0,    1.0001, 0, 0, 0, 0
"03552645", 12, 1,    6928.63,    0.0,    1.0001, 2,    6928.67, -120.0,    1.0001, 0, 0, 0, 0
"03552646", 12, 1,    6928.63,    0.0,    1.0001, 2,    6928.67, -120.0,    1.0001, 0, 0, 0, 0
"035527A", 12, 1,    6928.61,    0.0,    1.0001, 2,    6928.65, -120.0,    1.0001, 3,    6928.54,  120.0,         1
"035528", 12, 1,    6928.61,    0.0,    1.0001, 2,    6928.65, -120.0,    1.0001, 3,    6928.54,  120.0,         1
"035529", 12, 1,    6928.62,    0.0,    1.0001, 2,    6928.65, -120.0,    1.0001, 3,    6928.54,  120.0,         1
"035530", 12, 1,    6928.62,    0.0,    1.0001, 2,    6928.65, -120.0,    1.0001, 3,    6928.54,  120.0,         1
"03552901", 12, 2,    6928.65, -120.0,    1.0001, 3,    6928.54,  120.0,         1, 0, 0, 0, 0
"03552902", 12, 2,    6928.65, -120.0,    1.0001, 3,    6928.54,  120.0,         1, 0, 0, 0, 0
"035529A", 12, 2,    6928.65, -120.0,    1.0001, 3,    6928.54,  120.0,         1, 0, 0, 0, 0
"03552A", 12, 1,    6928.48,    0.0,         1, 2,     6928.5, -120.0,         1, 3,    6928.43,  120.0,         1
"0355201", 12, 1,    6928.48,    0.0,         1, 2,     6928.5, -120.0,         1, 3,    6928.43,  120.0,         1
"03553", 12, 1,    6928.48,    0.0,         1, 2,    6928.51, -120.0,         1, 3,    6928.44,  120.0,         1
"0355301", 12, 1,    6928.48,    0.0,         1, 2,    6928.51, -120.0,         1, 3,    6928.44,  120.0,         1
"03554", 12, 1,    6928.49,    0.0,         1, 2,    6928.52, -120.0,         1, 3,    6928.44,  120.0,         1
"035531", 12, 1,    6928.62,    0.0,    1.0001, 2,    6928.65, -120.0,    1.0001, 3,    6928.54,  120.0,         1
"0355302", 12, 1,    6928.48,    0.0,         1, 2,    6928.51, -120.0,         1, 3,    6928.44,  120.0,         1
"035532", 12, 1,    6928.62,    0.0,    1.0001, 2,    6928.66, -120.0,    1.0001, 3,    6928.55,  120.0,         1
"03553207", 12, 1,    6928.62,    0.0,    1.0001, 2,    6928.66, -120.0,    1.0001, 3,    6928.55,  120.0,         1
"035533", 12, 1,    6928.63,    0.0,    1.0001, 2,    6928.66, -120.0,    1.0001, 3,    6928.55,  120.0,         1
"03553201", 12, 2,    6928.66, -120.0,    1.0001, 3,    6928.55,  120.0,         1, 0, 0, 0, 0
"03553202", 12, 2,    6928.66, -120.0,    1.0001, 3,    6928.55,  120.0,         1, 0, 0, 0, 0
"03553203", 12, 2,    6928.66, -120.0,    1.0001, 3,    6928.55,  120.0,         1, 0, 0, 0, 0
"03553203A", 12, 2,    6928.66, -120.0,    1.0001, 3,    6928.55,  120.0,         1, 0, 0, 0, 0
"03553204", 12, 2,    6928.66, -120.0,    1.0001, 3,    6928.55,  120.0,         1, 0, 0, 0, 0
"03553205", 12, 2,    6928.66, -120.0,    1.0001, 3,    6928.55,  120.0,         1, 0, 0, 0, 0
"03553206", 12, 2,    6928.66, -120.0,    1.0001, 3,    6928.55,  120.0,         1, 0, 0, 0, 0
"03553207A", 12, 1,    6928.62,    0.0,    1.0001, 3,    6928.55,  120.0,         1, 0, 0, 0, 0
"03553208", 12, 1,    6928.62,    0.0,    1.0001, 3,    6928.55,  120.0,         1, 0, 0, 0, 0
"03553209", 12, 1,    6928.62,    0.0,    1.0001, 3,    6928.55,  120.0,         1, 0, 0, 0, 0
"03553210", 12, 1,    6928.62,    0.0,    1.0001, 3,    6928.55,  120.0,         1, 0, 0, 0, 0
"035532A", 12, 2,    6928.66, -120.0,    1.0001, 3,    6928.55,  120.0,         1, 0, 0, 0, 0
"03553346", 12, 1,    6928.63,    0.0,    1.0001, 2,    6928.66, -120.0,    1.0001, 0, 0, 0, 0
"035534", 12, 1,    6928.63,    0.0,    1.0001, 2,    6928.66, -120.0,    1.0001, 3,    6928.55,  120.0,         1
"03553301", 12, 1,    6928.63,    0.0,    1.0001, 2,    6928.66, -120.0,    1.0001, 0, 0, 0, 0
"03553302", 12, 1,    6928.63,    0.0,    1.0001, 2,    6928.67, -120.0,    1.0001, 0, 0, 0, 0
"03553303", 12, 1,    6928.63,    0.0,    1.0001, 2,    6928.67, -120.0,    1.0001, 0, 0, 0, 0
"03553304", 12, 1,    6928.63,    0.0,    1.0001, 2,    6928.67, -120.0,    1.0001, 0, 0, 0, 0
"03553307", 12, 1,    6928.63,    0.0,    1.0001, 2,    6928.67, -120.0,    1.0001, 0, 0, 0, 0
"03553305", 12, 1,    6928.63,    0.0,    1.0001, 2,    6928.67, -120.0,    1.0001, 0, 0, 0, 0
"03553306", 12, 1,    6928.63,    0.0,    1.0001, 2,    6928.67, -120.0,    1.0001, 0, 0, 0, 0
"03553309", 12, 1,    6928.63,    0.0,    1.0001, 2,    6928.67, -120.0,    1.0001, 0, 0, 0, 0
"03553307A", 12, 1,    6928.63,    0.0,    1.0001, 2,    6928.67, -120.0,    1.0001, 0, 0, 0, 0
"03553308", 12, 1,    6928.63,    0.0,    1.0001, 2,    6928.67, -120.0,    1.0001, 0, 0, 0, 0
"03553310", 12, 1,    6928.63,    0.0,    1.0001, 2,    6928.67, -120.0,    1.0001, 0, 0, 0, 0
"03553312", 12, 1,    6928.63,    0.0,    1.0001, 2,    6928.67, -120.0,    1.0001, 0, 0, 0, 0
"03553311", 12, 1,    6928.63,    0.0,    1.0001, 2,    6928.67, -120.0,    1.0001, 0, 0, 0, 0
"03553313", 12, 1,    6928.63,    0.0,    1.0001, 2,    6928.67, -120.0,    1.0001, 0, 0, 0, 0
"03553314", 12, 1,    6928.63,    0.0,    1.0001, 2,    6928.67, -120.0,    1.0001, 0, 0, 0, 0
"03553315", 12, 1,    6928.63,    0.0,    1.0001, 2,    6928.67, -120.0,    1.0001, 0, 0, 0, 0
"03553323", 12, 1,    6928.63,    0.0,    1.0001, 2,    6928.67, -120.0,    1.0001, 0, 0, 0, 0
"03553336", 12, 1,    6928.63,    0.0,    1.0001, 2,    6928.67, -120.0,    1.0001, 0, 0, 0, 0
"03553316", 12, 1,    6928.63,    0.0,    1.0001, 2,    6928.67, -120.0,    1.0001, 0, 0, 0, 0
"03553317", 12, 1,    6928.63,    0.0,    1.0001, 2,    6928.67, -120.0,    1.0001, 0, 0, 0, 0
"03553318", 12, 1,    6928.63,    0.0,    1.0001, 2,    6928.67, -120.0,    1.0001, 0, 0, 0, 0
"03553319", 12, 1,    6928.63,    0.0,    1.0001, 2,    6928.67, -120.0,    1.0001, 0, 0, 0, 0
"03553320", 12, 1,    6928.63,    0.0,    1.0001, 2,    6928.67, -120.0,    1.0001, 0, 0, 0, 0
"03553321", 12, 1,    6928.63,    0.0,    1.0001, 2,    6928.67, -120.0,    1.0001, 0, 0, 0, 0
"03553322", 12, 1,    6928.63,    0.0,    1.0001, 2,    6928.67, -120.0,    1.0001, 0, 0, 0, 0
"03553324", 12, 1,    6928.63,    0.0,    1.0001, 2,    6928.67, -120.0,    1.0001, 0, 0, 0, 0
"03553325", 12, 1,    6928.63,    0.0,    1.0001, 2,    6928.67, -120.0,    1.0001, 0, 0, 0, 0
"03553326", 12, 1,    6928.63,    0.0,    1.0001, 2,    6928.67, -120.0,    1.0001, 0, 0, 0, 0
"03553327", 12, 1,    6928.63,    0.0,    1.0001, 2,    6928.67, -120.0,    1.0001, 0, 0, 0, 0
"03553326A", 12, 1,    6928.63,    0.0,    1.0001, 2,    6928.67, -120.0,    1.0001, 0, 0, 0, 0
"03553334", 12, 1,    6928.63,    0.0,    1.0001, 2,    6928.67, -120.0,    1.0001, 0, 0, 0, 0
"03553328", 12, 1,    6928.63,    0.0,    1.0001, 2,    6928.67, -120.0,    1.0001, 0, 0, 0, 0
"03553329", 12, 1,    6928.63,    0.0,    1.0001, 2,    6928.67, -120.0,    1.0001, 0, 0, 0, 0
"03553330", 12, 1,    6928.64,    0.0,    1.0001, 2,    6928.67, -120.0,    1.0001, 0, 0, 0, 0
"03553331", 12, 1,    6928.64,    0.0,    1.0001, 2,    6928.67, -120.0,    1.0001, 0, 0, 0, 0
"03553332", 12, 1,    6928.64,    0.0,    1.0001, 2,    6928.67, -120.0,    1.0001, 0, 0, 0, 0
"03553333", 12, 1,    6928.64,    0.0,    1.0001, 2,    6928.67, -120.0,    1.0001, 0, 0, 0, 0
"03553335", 12, 1,    6928.63,    0.0,    1.0001, 2,    6928.67, -120.0,    1.0001, 0, 0, 0, 0
"03553337", 12, 1,    6928.63,    0.0,    1.0001, 2,    6928.67, -120.0,    1.0001, 0, 0, 0, 0
"03553339", 12, 1,    6928.63,    0.0,    1.0001, 2,    6928.67, -120.0,    1.0001, 0, 0, 0, 0
"03553337A", 12, 1,    6928.63,    0.0,    1.0001, 2,    6928.67, -120.0,    1.0001, 0, 0, 0, 0
"03553338", 12, 1,    6928.63,    0.0,    1.0001, 2,    6928.67, -120.0,    1.0001, 0, 0, 0, 0
"03553340", 12, 1,    6928.63,    0.0,    1.0001, 2,    6928.67, -120.0,    1.0001, 0, 0, 0, 0
"03553341", 12, 1,    6928.63,    0.0,    1.0001, 2,    6928.67, -120.0,    1.0001, 0, 0, 0, 0
"03553342", 12, 1,    6928.63,    0.0,    1.0001, 2,    6928.67, -120.0,    1.0001, 0, 0, 0, 0
"03553343", 12, 1,    6928.63,    0.0,    1.0001, 2,    6928.67, -120.0,    1.0001, 0, 0, 0, 0
"03553344", 12, 1,    6928.63,    0.0,    1.0001, 2,    6928.67, -120.0,    1.0001, 0, 0, 0, 0
"03553345", 12, 1,    6928.63,    0.0,    1.0001, 2,    6928.67, -120.0,    1.0001, 0, 0, 0, 0
"035533A", 12, 1,    6928.63,    0.0,    1.0001, 2,    6928.66, -120.0,    1.0001, 3,    6928.55,  120.0,         1
"035535", 12, 1,    6928.63,    0.0,    1.0001, 2,    6928.66, -120.0,    1.0001, 3,    6928.55,  120.0,    1.0001
"035536", 12, 1,    6928.63,    0.0,    1.0001, 2,    6928.66, -120.0,    1.0001, 3,    6928.55,  120.0,    1.0001
"035537", 12, 1,    6928.63,    0.0,    1.0001, 2,    6928.67, -120.0,    1.0001, 3,    6928.55,  120.0,    1.0001
"03553602", 12, 1,    6928.63,    0.0,    1.0001, 3,    6928.55,  120.0,    1.0001, 0, 0, 0, 0
"03553603", 12, 1,    6928.63,    0.0,    1.0001, 3,    6928.55,  120.0,    1.0001, 0, 0, 0, 0
"03553604", 12, 1,    6928.63,    0.0,    1.0001, 3,    6928.55,  120.0,    1.0001, 0, 0, 0, 0
"03553605", 12, 1,    6928.63,    0.0,    1.0001, 3,    6928.55,  120.0,    1.0001, 0, 0, 0, 0
"03553606", 12, 1,    6928.63,    0.0,    1.0001, 3,    6928.55,  120.0,    1.0001, 0, 0, 0, 0
"03553608", 12, 1,    6928.63,    0.0,    1.0001, 3,    6928.55,  120.0,    1.0001, 0, 0, 0, 0
"03553607", 12, 1,    6928.63,    0.0,    1.0001, 3,    6928.55,  120.0,    1.0001, 0, 0, 0, 0
"03553609", 12, 1,    6928.63,    0.0,    1.0001, 3,    6928.55,  120.0,    1.0001, 0, 0, 0, 0
"035536A", 12, 1,    6928.63,    0.0,    1.0001, 3,    6928.55,  120.0,    1.0001, 0, 0, 0, 0
"03553601", 12, 1,    6928.63,    0.0,    1.0001, 3,    6928.55,  120.0,    1.0001, 0, 0, 0, 0
"035538", 12, 1,    6928.63,    0.0,    1.0001, 2,    6928.67, -120.0,    1.0001, 3,    6928.55,  120.0,    1.0001
"035539", 12, 1,    6928.63,    0.0,    1.0001, 2,    6928.67, -120.0,    1.0001, 3,    6928.56,  120.0,    1.0001
"03553801", 12, 2,    6928.67, -120.0,    1.0001, 3,    6928.56,  120.0,    1.0001, 0, 0, 0, 0
"03553802", 12, 2,    6928.67, -120.0,    1.0001, 3,    6928.56,  120.0,    1.0001, 0, 0, 0, 0
"03553803", 12, 2,    6928.67, -120.0,    1.0001, 3,    6928.56,  120.0,    1.0001, 0, 0, 0, 0
"03553804", 12, 2,    6928.67, -120.0,    1.0001, 3,    6928.56,  120.0,    1.0001, 0, 0, 0, 0
"03553805", 12, 2,    6928.67, -120.0,    1.0001, 3,    6928.56,  120.0,    1.0001, 0, 0, 0, 0
"03553809", 12, 2,    6928.67, -120.0,    1.0001, 3,    6928.56,  120.0,    1.0001, 0, 0, 0, 0
"03553806", 12, 2,    6928.67, -120.0,    1.0001, 3,    6928.56,  120.0,    1.0001, 0, 0, 0, 0
"03553807", 12, 2,    6928.67, -120.0,    1.0001, 3,    6928.56,  120.0,    1.0001, 0, 0, 0, 0
"03553808", 12, 2,    6928.67, -120.0,    1.0001, 3,    6928.56,  120.0,    1.0001, 0, 0, 0, 0
"035538A", 12, 2,    6928.67, -120.0,    1.0001, 3,    6928.55,  120.0,    1.0001, 0, 0, 0, 0
"035540", 12, 1,    6928.64,    0.0,    1.0001, 2,    6928.67, -120.0,    1.0001, 3,    6928.56,  120.0,    1.0001
"03555", 12, 1,    6928.49,    0.0,         1, 2,    6928.52, -120.0,         1, 3,    6928.45,  120.0,         1
"035541", 12, 1,    6928.64,    0.0,    1.0001, 2,    6928.67, -120.0,    1.0001, 3,    6928.56,  120.0,    1.0001
"03554002", 12, 1,    6928.64,    0.0,    1.0001, 2,    6928.67, -120.0,    1.0001, 0, 0, 0, 0
"03554003", 12, 1,    6928.64,    0.0,    1.0001, 2,    6928.67, -120.0,    1.0001, 0, 0, 0, 0
"03554004", 12, 1,    6928.64,    0.0,    1.0001, 2,    6928.67, -120.0,    1.0001, 0, 0, 0, 0
"03554005", 12, 1,    6928.64,    0.0,    1.0001, 2,    6928.67, -120.0,    1.0001, 0, 0, 0, 0
"03554006", 12, 1,    6928.64,    0.0,    1.0001, 2,    6928.67, -120.0,    1.0001, 0, 0, 0, 0
"03554007", 12, 1,    6928.64,    0.0,    1.0001, 2,    6928.67, -120.0,    1.0001, 0, 0, 0, 0
"03554008", 12, 1,    6928.64,    0.0,    1.0001, 2,    6928.67, -120.0,    1.0001, 0, 0, 0, 0
"03554009", 12, 1,    6928.64,    0.0,    1.0001, 2,    6928.67, -120.0,    1.0001, 0, 0, 0, 0
"035540A", 12, 1,    6928.64,    0.0,    1.0001, 2,    6928.67, -120.0,    1.0001, 0, 0, 0, 0
"03554001", 12, 1,    6928.64,    0.0,    1.0001, 2,    6928.67, -120.0,    1.0001, 0, 0, 0, 0
"035542", 12, 1,    6928.64,    0.0,    1.0001, 2,    6928.67, -120.0,    1.0001, 3,    6928.56,  120.0,    1.0001
"035543", 12, 1,    6928.64,    0.0,    1.0001, 2,    6928.67, -120.0,    1.0001, 3,    6928.56,  120.0,    1.0001
"03554201", 12, 1,    6928.64,    0.0,    1.0001, 3,    6928.56,  120.0,    1.0001, 0, 0, 0, 0
"03554202", 12, 1,    6928.64,    0.0,    1.0001, 3,    6928.56,  120.0,    1.0001, 0, 0, 0, 0
"035542A", 12, 1,    6928.64,    0.0,    1.0001, 3,    6928.56,  120.0,    1.0001, 0, 0, 0, 0
"03554301", 12, 1,    6928.64,    0.0,    1.0001, 2,    6928.67, -120.0,    1.0001, 3,    6928.56,  120.0,    1.0001
"03554301A", 12, 2,    6928.67, -120.0,    1.0001, 3,    6928.56,  120.0,    1.0001, 0, 0, 0, 0
"03554302", 12, 2,    6928.67, -120.0,    1.0001, 3,    6928.56,  120.0,    1.0001, 0, 0, 0, 0
"03554303", 12, 2,    6928.67, -120.0,    1.0001, 3,    6928.56,  120.0,    1.0001, 0, 0, 0, 0
"03554304", 12, 2,    6928.67, -120.0,    1.0001, 3,    6928.56,  120.0,    1.0001, 0, 0, 0, 0
"03554305", 12, 2,    6928.67, -120.0,    1.0001, 3,    6928.56,  120.0,    1.0001, 0, 0, 0, 0
"035543A", 12, 1,    6928.64,    0.0,    1.0001, 2,    6928.67, -120.0,    1.0001, 3,    6928.56,  120.0,    1.0001
"035544", 12, 1,    6928.64,    0.0,    1.0001, 2,    6928.67, -120.0,    1.0001, 3,    6928.56,  120.0,    1.0001
"03554401", 12, 1,    6928.64,    0.0,    1.0001, 2,    6928.67, -120.0,    1.0001, 3,    6928.56,  120.0,    1.0001
"035545", 12, 1,    6928.64,    0.0,    1.0001, 2,    6928.67, -120.0,    1.0001, 3,    6928.56,  120.0,    1.0001
"03554401A", 12, 1,    6928.64,    0.0,    1.0001, 2,    6928.67, -120.0,    1.0001, 3,    6928.56,  120.0,    1.0001
"03554402", 12, 1,    6928.64,    0.0,    1.0001, 2,    6928.67, -120.0,    1.0001, 3,    6928.56,  120.0,    1.0001
"03554403", 12, 1,    6928.64,    0.0,    1.0001, 2,    6928.67, -120.0,    1.0001, 3,    6928.56,  120.0,    1.0001
"03554405", 12, 1,    6928.64,    0.0,    1.0001, 0, 0, 0, 0, 0, 0, 0, 0
"03554406", 12, 1,    6928.64,    0.0,    1.0001, 2,    6928.67, -120.0,    1.0001, 3,    6928.56,  120.0,    1.0001
"03554404", 12, 1,    6928.64,    0.0,    1.0001, 2,    6928.67, -120.0,    1.0001, 3,    6928.56,  120.0,    1.0001
"03554407", 12, 3,    6928.56,  120.0,    1.0001, 0, 0, 0, 0, 0, 0, 0, 0
"03554410", 12, 1,    6928.64,    0.0,    1.0001, 3,    6928.56,  120.0,    1.0001, 0, 0, 0, 0
"03554413", 12, 2,    6928.67, -120.0,    1.0001, 0, 0, 0, 0, 0, 0, 0, 0
"03554414", 12, 1,    6928.64,    0.0,    1.0001, 3,    6928.56,  120.0,    1.0001, 0, 0, 0, 0
"03554408", 12, 3,    6928.56,  120.0,    1.0001, 0, 0, 0, 0, 0, 0, 0, 0
"03554409", 12, 3,    6928.56,  120.0,    1.0001, 0, 0, 0, 0, 0, 0, 0, 0
"03554410A", 12, 1,    6928.64,    0.0,    1.0001, 3,    6928.56,  120.0,    1.0001, 0, 0, 0, 0
"03554411", 12, 1,    6928.64,    0.0,    1.0001, 3,    6928.56,  120.0,    1.0001, 0, 0, 0, 0
"03554411A", 12, 1,    6928.64,    0.0,    1.0001, 3,    6928.56,  120.0,    1.0001, 0, 0, 0, 0
"03554412", 12, 1,    6928.64,    0.0,    1.0001, 3,    6928.56,  120.0,    1.0001, 0, 0, 0, 0
"03554414A", 12, 1,    6928.64,    0.0,    1.0001, 3,    6928.56,  120.0,    1.0001, 0, 0, 0, 0
"03554415", 12, 1,    6928.64,    0.0,    1.0001, 3,    6928.56,  120.0,    1.0001, 0, 0, 0, 0
"03554416", 12, 1,    6928.64,    0.0,    1.0001, 3,    6928.56,  120.0,    1.0001, 0, 0, 0, 0
"03554417", 12, 1,    6928.64,    0.0,    1.0001, 3,    6928.56,  120.0,    1.0001, 0, 0, 0, 0
"03554418", 12, 1,    6928.64,    0.0,    1.0001, 3,    6928.56,  120.0,    1.0001, 0, 0, 0, 0
"03554419", 12, 1,    6928.64,    0.0,    1.0001, 3,    6928.56,  120.0,    1.0001, 0, 0, 0, 0
"035546", 12, 1,    6928.64,    0.0,    1.0001, 2,    6928.68, -120.0,    1.0001, 3,    6928.56,  120.0,    1.0001
"035546A", 12, 1,    6928.64,    0.0,    1.0001, 2,    6928.68, -120.0,    1.0001, 3,    6928.56,  120.0,    1.0001
"035547", 12, 1,    6928.64,    0.0,    1.0001, 2,    6928.68, -120.0,    1.0001, 3,    6928.56,  120.0,    1.0001
"035548", 12, 1,    6928.64,    0.0,    1.0001, 2,    6928.68, -120.0,    1.0001, 3,    6928.56,  120.0,    1.0001
"035549", 12, 1,    6928.65,    0.0,    1.0001, 2,    6928.68, -120.0,    1.0001, 3,    6928.57,  120.0,    1.0001
"03554801", 12, 1,    6928.65,    0.0,    1.0001, 2,    6928.68, -120.0,    1.0001, 0, 0, 0, 0
"03554802", 12, 1,    6928.65,    0.0,    1.0001, 2,    6928.68, -120.0,    1.0001, 0, 0, 0, 0
"03554803", 12, 1,    6928.65,    0.0,    1.0001, 2,    6928.68, -120.0,    1.0001, 0, 0, 0, 0
"03554804", 12, 1,    6928.65,    0.0,    1.0001, 2,    6928.68, -120.0,    1.0001, 0, 0, 0, 0
"03554805", 12, 1,    6928.65,    0.0,    1.0001, 2,    6928.68, -120.0,    1.0001, 0, 0, 0, 0
"03554806", 12, 1,    6928.65,    0.0,    1.0001, 2,    6928.68, -120.0,    1.0001, 0, 0, 0, 0
"03554806A", 12, 1,    6928.65,    0.0,    1.0001, 2,    6928.68, -120.0,    1.0001, 0, 0, 0, 0
"03554807", 12, 1,    6928.65,    0.0,    1.0001, 2,    6928.68, -120.0,    1.0001, 0, 0, 0, 0
"03554808", 12, 1,    6928.65,    0.0,    1.0001, 2,    6928.68, -120.0,    1.0001, 0, 0, 0, 0
"03554809", 12, 1,    6928.65,    0.0,    1.0001, 2,    6928.68, -120.0,    1.0001, 0, 0, 0, 0
"03554810", 12, 1,    6928.65,    0.0,    1.0001, 2,    6928.68, -120.0,    1.0001, 0, 0, 0, 0
"035548A", 12, 1,    6928.64,    0.0,    1.0001, 2,    6928.68, -120.0,    1.0001, 0, 0, 0, 0
"035550", 12, 1,    6928.65,    0.0,    1.0001, 2,    6928.68, -120.0,    1.0001, 3,    6928.57,  120.0,    1.0001
"03554901", 12, 1,    6928.65,    0.0,    1.0001, 2,    6928.68, -120.0,    1.0001, 3,    6928.57,  120.0,    1.0001
"03554902", 12, 1,    6928.65,    0.0,    1.0001, 2,    6928.68, -120.0,    1.0001, 0, 0, 0, 0
"03554903", 12, 1,    6928.65,    0.0,    1.0001, 2,    6928.68, -120.0,    1.0001, 3,    6928.57,  120.0,    1.0001
"03554904", 12, 2,    6928.68, -120.0,    1.0001, 0, 0, 0, 0, 0, 0, 0, 0
"03554907", 12, 3,    6928.57,  120.0,    1.0001, 0, 0, 0, 0, 0, 0, 0, 0
"03554913", 12, 1,    6928.65,    0.0,    1.0001, 0, 0, 0, 0, 0, 0, 0, 0
"03554905", 12, 2,    6928.68, -120.0,    1.0001, 0, 0, 0, 0, 0, 0, 0, 0
"03554906", 12, 2,    6928.68, -120.0,    1.0001, 0, 0, 0, 0, 0, 0, 0, 0
"03554908", 12, 3,    6928.57,  120.0,    1.0001, 0, 0, 0, 0, 0, 0, 0, 0
"03554909", 12, 3,    6928.57,  120.0,    1.0001, 0, 0, 0, 0, 0, 0, 0, 0
"03554910", 12, 3,    6928.57,  120.0,    1.0001, 0, 0, 0, 0, 0, 0, 0, 0
"03554911", 12, 3,    6928.57,  120.0,    1.0001, 0, 0, 0, 0, 0, 0, 0, 0
"03554912", 12, 3,    6928.57,  120.0,    1.0001, 0, 0, 0, 0, 0, 0, 0, 0
"03554914", 12, 1,    6928.65,    0.0,    1.0001, 0, 0, 0, 0, 0, 0, 0, 0
"03554915", 12, 1,    6928.65,    0.0,    1.0001, 0, 0, 0, 0, 0, 0, 0, 0
"03554916", 12, 1,    6928.65,    0.0,    1.0001, 0, 0, 0, 0, 0, 0, 0, 0
"03554917", 12, 1,    6928.65,    0.0,    1.0001, 0, 0, 0, 0, 0, 0, 0, 0
"035549A", 12, 1,    6928.65,    0.0,    1.0001, 2,    6928.68, -120.0,    1.0001, 3,    6928.57,  120.0,    1.0001
"03556", 12, 1,     6928.5,    0.0,         1, 2,    6928.52, -120.0,         1, 3,    6928.45,  120.0,         1
"035551", 12, 1,    6928.65,    0.0,    1.0001, 2,    6928.68, -120.0,    1.0001, 3,    6928.57,  120.0,    1.0001
"0355501", 12, 2,    6928.52, -120.0,         1, 3,    6928.45,  120.0,         1, 0, 0, 0, 0
"0355502", 12, 2,    6928.52, -120.0,         1, 3,    6928.45,  120.0,         1, 0, 0, 0, 0
"0355503", 12, 2,    6928.52, -120.0,         1, 3,    6928.45,  120.0,         1, 0, 0, 0, 0
"0355504", 12, 2,    6928.52, -120.0,         1, 3,    6928.45,  120.0,         1, 0, 0, 0, 0
"0355505", 12, 2,    6928.52, -120.0,         1, 3,    6928.45,  120.0,         1, 0, 0, 0, 0
"0355506", 12, 2,    6928.52, -120.0,         1, 3,    6928.45,  120.0,         1, 0, 0, 0, 0
"035552", 12, 1,    6928.65,    0.0,    1.0001, 2,    6928.68, -120.0,    1.0001, 3,    6928.57,  120.0,    1.0001
"035553", 12, 1,    6928.65,    0.0,    1.0001, 2,    6928.68, -120.0,    1.0001, 3,    6928.57,  120.0,    1.0001
"035554", 12, 1,    6928.65,    0.0,    1.0001, 2,    6928.68, -120.0,    1.0001, 3,    6928.57,  120.0,    1.0001
"035555", 12, 1,    6928.65,    0.0,    1.0001, 2,    6928.68, -120.0,    1.0001, 3,    6928.57,  120.0,    1.0001
"03555501", 12, 2,    6928.68, -120.0,    1.0001, 3,    6928.57,  120.0,    1.0001, 0, 0, 0, 0
"035556", 12, 1,    6928.65,    0.0,    1.0001, 2,    6928.68, -120.0,    1.0001, 3,    6928.57,  120.0,    1.0001
"03555501A", 12, 2,    6928.68, -120.0,    1.0001, 3,    6928.57,  120.0,    1.0001, 0, 0, 0, 0
"03555502", 12, 2,    6928.68, -120.0,    1.0001, 3,    6928.57,  120.0,    1.0001, 0, 0, 0, 0
"03555503", 12, 2,    6928.68, -120.0,    1.0001, 3,    6928.57,  120.0,    1.0001, 0, 0, 0, 0
"03555504", 12, 2,    6928.68, -120.0,    1.0001, 3,    6928.57,  120.0,    1.0001, 0, 0, 0, 0
"03555601", 12, 1,    6928.65,    0.0,    1.0001, 2,    6928.68, -120.0,    1.0001, 3,    6928.57,  120.0,    1.0001
"035557", 12, 1,    6928.65,    0.0,    1.0001, 2,    6928.68, -120.0,    1.0001, 3,    6928.57,  120.0,    1.0001
"03555601A", 12, 1,    6928.65,    0.0,    1.0001, 2,    6928.68, -120.0,    1.0001, 3,    6928.57,  120.0,    1.0001
"03555602", 12, 1,    6928.65,    0.0,    1.0001, 2,    6928.68, -120.0,    1.0001, 3,    6928.57,  120.0,    1.0001
"03555603", 12, 1,    6928.65,    0.0,    1.0001, 2,    6928.68, -120.0,    1.0001, 3,    6928.57,  120.0,    1.0001
"03555604", 12, 1,    6928.65,    0.0,    1.0001, 2,    6928.68, -120.0,    1.0001, 3,    6928.57,  120.0,    1.0001
"035558", 12, 1,    6928.65,    0.0,    1.0001, 2,    6928.68, -120.0,    1.0001, 3,    6928.57,  120.0,    1.0001
"03555701", 12, 1,    6928.65,    0.0,    1.0001, 3,    6928.57,  120.0,    1.0001, 0, 0, 0, 0
"03555702", 12, 1,    6928.65,    0.0,    1.0001, 3,    6928.57,  120.0,    1.0001, 0, 0, 0, 0
"03555703", 12, 1,    6928.65,    0.0,    1.0001, 3,    6928.57,  120.0,    1.0001, 0, 0, 0, 0
"03555704", 12, 1,    6928.65,    0.0,    1.0001, 3,    6928.57,  120.0,    1.0001, 0, 0, 0, 0
"035557A", 12, 1,    6928.65,    0.0,    1.0001, 3,    6928.57,  120.0,    1.0001, 0, 0, 0, 0
"035559", 12, 1,    6928.65,    0.0,    1.0001, 2,    6928.68, -120.0,    1.0001, 3,    6928.57,  120.0,    1.0001
"035560", 12, 1,    6928.65,    0.0,    1.0001, 2,    6928.68, -120.0,    1.0001, 3,    6928.57,  120.0,    1.0001
"03555A", 12, 2,    6928.52, -120.0,         1, 3,    6928.45,  120.0,         1, 0, 0, 0, 0
"03557", 12, 1,     6928.5,    0.0,         1, 2,    6928.53, -120.0,         1, 3,    6928.45,  120.0,         1
"03558", 12, 1,    6928.51,    0.0,         1, 2,    6928.54, -120.0,         1, 3,    6928.46,  120.0,         1
"0355801", 12, 2,    6928.54, -120.0,         1, 3,    6928.46,  120.0,         1, 0, 0, 0, 0
"03559", 12, 1,    6928.52,    0.0,         1, 2,    6928.55, -120.0,         1, 3,    6928.47,  120.0,         1
"0355901", 12, 1,    6928.52,    0.0,         1, 2,    6928.55, -120.0,         1, 0, 0, 0, 0
"0355949", 12, 2,    6928.55, -120.0,         1, 3,    6928.47,  120.0,         1, 0, 0, 0, 0
"0355902", 12, 1,    6928.52,    0.0,         1, 2,    6928.55, -120.0,    1.0001, 0, 0, 0, 0
"0355903", 12, 1,    6928.53,    0.0,         1, 2,    6928.55, -120.0,    1.0001, 0, 0, 0, 0
"0355904", 12, 1,    6928.53,    0.0,         1, 2,    6928.55, -120.0,    1.0001, 0, 0, 0, 0
"0355905", 12, 1,    6928.53,    0.0,         1, 2,    6928.55, -120.0,    1.0001, 0, 0, 0, 0
"0355906", 12, 1,    6928.53,    0.0,         1, 2,    6928.55, -120.0,    1.0001, 0, 0, 0, 0
"0355906A", 12, 1,    6928.53,    0.0,         1, 2,    6928.55, -120.0,    1.0001, 0, 0, 0, 0
"0355907", 12, 1,    6928.53,    0.0,         1, 2,    6928.56, -120.0,    1.0001, 0, 0, 0, 0
"0355908", 12, 1,    6928.53,    0.0,         1, 2,    6928.56, -120.0,    1.0001, 0, 0, 0, 0
"0355944", 12, 1,    6928.53,    0.0,         1, 2,    6928.56, -120.0,    1.0001, 0, 0, 0, 0
"0355920", 12, 1,    6928.53,    0.0,         1, 2,    6928.56, -120.0,    1.0001, 0, 0, 0, 0
"0355908A", 12, 1,    6928.53,    0.0,         1, 0, 0, 0, 0, 0, 0, 0, 0
"0355909", 12, 1,    6928.53,    0.0,         1, 0, 0, 0, 0, 0, 0, 0, 0
"0355910", 12, 1,    6928.53,    0.0,         1, 0, 0, 0, 0, 0, 0, 0, 0
"0355911", 12, 1,    6928.53,    0.0,         1, 0, 0, 0, 0, 0, 0, 0, 0
"0355912", 12, 1,    6928.53,    0.0,         1, 0, 0, 0, 0, 0, 0, 0, 0
"0355919", 12, 1,    6928.53,    0.0,         1, 0, 0, 0, 0, 0, 0, 0, 0
"0355913", 12, 1,    6928.53,    0.0,         1, 0, 0, 0, 0, 0, 0, 0, 0
"0355914", 12, 1,    6928.53,    0.0,         1, 0, 0, 0, 0, 0, 0, 0, 0
"0355915", 12, 1,    6928.53,    0.0,         1, 0, 0, 0, 0, 0, 0, 0, 0
"0355916", 12, 1,    6928.53,    0.0,         1, 0, 0, 0, 0, 0, 0, 0, 0
"0355918", 12, 1,    6928.53,    0.0,         1, 0, 0, 0, 0, 0, 0, 0, 0
"0355917", 12, 1,    6928.53,    0.0,         1, 0, 0, 0, 0, 0, 0, 0, 0
"0355921", 12, 1,    6928.53,    0.0,         1, 2,    6928.56, -120.0,    1.0001, 0, 0, 0, 0
"0355923", 12, 1,    6928.53,    0.0,         1, 2,    6928.56, -120.0,    1.0001, 0, 0, 0, 0
"0355921A", 12, 1,    6928.53,    0.0,         1, 2,    6928.56, -120.0,    1.0001, 0, 0, 0, 0
"0355922", 12, 1,    6928.53,    0.0,         1, 2,    6928.56, -120.0,    1.0001, 0, 0, 0, 0
"0355924", 12, 1,    6928.53,    0.0,         1, 2,    6928.56, -120.0,    1.0001, 0, 0, 0, 0
"0355930", 12, 1,    6928.53,    0.0,         1, 2,    6928.56, -120.0,    1.0001, 0, 0, 0, 0
"0355924A", 12, 1,    6928.53,    0.0,         1, 2,    6928.56, -120.0,    1.0001, 0, 0, 0, 0
"0355925", 12, 1,    6928.53,    0.0,         1, 2,    6928.56, -120.0,    1.0001, 0, 0, 0, 0
"0355926", 12, 1,    6928.53,    0.0,         1, 2,    6928.56, -120.0,    1.0001, 0, 0, 0, 0
"0355928", 12, 1,    6928.53,    0.0,         1, 2,    6928.56, -120.0,    1.0001, 0, 0, 0, 0
"0355927", 12, 1,    6928.53,    0.0,         1, 2,    6928.56, -120.0,    1.0001, 0, 0, 0, 0
"0355929", 12, 1,    6928.53,    0.0,         1, 2,    6928.56, -120.0,    1.0001, 0, 0, 0, 0
"0355933", 12, 1,    6928.53,    0.0,         1, 2,    6928.56, -120.0,    1.0001, 0, 0, 0, 0
"0355930A", 12, 1,    6928.53,    0.0,         1, 2,    6928.56, -120.0,    1.0001, 0, 0, 0, 0
"0355931", 12, 1,    6928.53,    0.0,         1, 2,    6928.56, -120.0,    1.0001, 0, 0, 0, 0
"0355932", 12, 1,    6928.53,    0.0,         1, 2,    6928.56, -120.0,    1.0001, 0, 0, 0, 0
"0355938", 12, 1,    6928.53,    0.0,         1, 2,    6928.56, -120.0,    1.0001, 0, 0, 0, 0
"0355939", 12, 1,    6928.53,    0.0,         1, 2,    6928.56, -120.0,    1.0001, 0, 0, 0, 0
"0355933A", 12, 1,    6928.53,    0.0,         1, 2,    6928.56, -120.0,    1.0001, 0, 0, 0, 0
"0355934", 12, 1,    6928.53,    0.0,         1, 2,    6928.56, -120.0,    1.0001, 0, 0, 0, 0
"0355935", 12, 1,    6928.53,    0.0,         1, 2,    6928.56, -120.0,    1.0001, 0, 0, 0, 0
"0355936", 12, 1,    6928.53,    0.0,         1, 2,    6928.56, -120.0,    1.0001, 0, 0, 0, 0
"0355937", 12, 1,    6928.53,    0.0,         1, 2,    6928.56, -120.0,    1.0001, 0, 0, 0, 0
"0355943", 12, 1,    6928.53,    0.0,         1, 2,    6928.56, -120.0,    1.0001, 0, 0, 0, 0
"0355939A", 12, 1,    6928.53,    0.0,         1, 2,    6928.56, -120.0,    1.0001, 0, 0, 0, 0
"0355940", 12, 1,    6928.53,    0.0,         1, 2,    6928.56, -120.0,    1.0001, 0, 0, 0, 0
"0355941", 12, 1,    6928.53,    0.0,         1, 2,    6928.56, -120.0,    1.0001, 0, 0, 0, 0
"0355942", 12, 1,    6928.53,    0.0,         1, 2,    6928.56, -120.0,    1.0001, 0, 0, 0, 0
"0355945", 12, 1,    6928.53,    0.0,         1, 2,    6928.56, -120.0,    1.0001, 0, 0, 0, 0
"0355946", 12, 1,    6928.53,    0.0,         1, 2,    6928.56, -120.0,    1.0001, 0, 0, 0, 0
"03551314A", 12, 1,    6928.53,    0.0,         1, 2,    6928.56, -120.0,    1.0001, 0, 0, 0, 0
"0355947", 12, 1,    6928.53,    0.0,         1, 2,    6928.56, -120.0,    1.0001, 0, 0, 0, 0
"0355948", 12, 1,    6928.53,    0.0,         1, 2,    6928.56, -120.0,    1.0001, 0, 0, 0, 0
"0355949A", 12, 2,    6928.55, -120.0,         1, 3,    6928.47,  120.0,         1, 0, 0, 0, 0
"0355950", 12, 2,    6928.55, -120.0,         1, 3,    6928.47,  120.0,         1, 0, 0, 0, 0
"0355951", 12, 2,    6928.55, -120.0,         1, 3,    6928.47,  120.0,         1, 0, 0, 0, 0
"0355952", 12, 2,    6928.55, -120.0,         1, 3,    6928.47,  120.0,         1, 0, 0, 0, 0
"0355953", 12, 2,    6928.55, -120.0,         1, 3,    6928.47,  120.0,         1, 0, 0, 0, 0
"03551328", 12, 1,    6928.55,    0.0,    1.0001, 2,          0,    0.0,         0, 3,          0,    0.0,         0
